-- MySqlBackup.NET 2.3.9.0
-- Dump Time: 2025-06-12 17:34:02
-- --------------------------------------
-- Server version 8.0.34 MySQL Community Server - GPL


/*!40101 SET @OLD_CHARACTER_SET_CLIENT=@@CHARACTER_SET_CLIENT */;
/*!40101 SET @OLD_CHARACTER_SET_RESULTS=@@CHARACTER_SET_RESULTS */;
/*!40101 SET @OLD_COLLATION_CONNECTION=@@COLLATION_CONNECTION */;
/*!40101 SET NAMES utf8mb4 */;
/*!40014 SET @OLD_UNIQUE_CHECKS=@@UNIQUE_CHECKS, UNIQUE_CHECKS=0 */;
/*!40014 SET @OLD_FOREIGN_KEY_CHECKS=@@FOREIGN_KEY_CHECKS, FOREIGN_KEY_CHECKS=0 */;
/*!40101 SET @OLD_SQL_MODE=@@SQL_MODE, SQL_MODE='NO_AUTO_VALUE_ON_ZERO' */;
/*!40111 SET @OLD_SQL_NOTES=@@SQL_NOTES, SQL_NOTES=0 */;


-- 
-- Definition of client
-- 

DROP TABLE IF EXISTS `client`;
CREATE TABLE IF NOT EXISTS `client` (
  `id_client` int NOT NULL,
  `full_name` varchar(250) NOT NULL,
  `phone` varchar(11) NOT NULL,
  PRIMARY KEY (`id_client`)
) ENGINE=InnoDB DEFAULT CHARSET=utf8mb4 COLLATE=utf8mb4_0900_ai_ci;

-- 
-- Dumping data for table client
-- 

/*!40000 ALTER TABLE `client` DISABLE KEYS */;
INSERT INTO `client`(`id_client`,`full_name`,`phone`) VALUES(1,'Ольга','32432432432'),(2,'Валерий Киров','34243243254'),(3,'Ольга','23142343243'),(4,'Марина Косько','33423432432'),(5,'Евгений Деднев','32432432454'),(6,'Иван','45345345345'),(7,'Ибрагим','33424324324'),(8,'Николай','56546456546'),(9,'Михаил','53454354356'),(10,'Ира','2313213213');
/*!40000 ALTER TABLE `client` ENABLE KEYS */;

-- 
-- Definition of s_complete_status
-- 

DROP TABLE IF EXISTS `s_complete_status`;
CREATE TABLE IF NOT EXISTS `s_complete_status` (
  `id_complete_status` int NOT NULL,
  `complete_status` varchar(45) NOT NULL,
  PRIMARY KEY (`id_complete_status`)
) ENGINE=InnoDB DEFAULT CHARSET=utf8mb4 COLLATE=utf8mb4_0900_ai_ci;

-- 
-- Dumping data for table s_complete_status
-- 

/*!40000 ALTER TABLE `s_complete_status` DISABLE KEYS */;
INSERT INTO `s_complete_status`(`id_complete_status`,`complete_status`) VALUES(1,'Нет'),(2,'Выполнено');
/*!40000 ALTER TABLE `s_complete_status` ENABLE KEYS */;

-- 
-- Definition of s_employee_roles
-- 

DROP TABLE IF EXISTS `s_employee_roles`;
CREATE TABLE IF NOT EXISTS `s_employee_roles` (
  `id_role` int NOT NULL,
  `role_name` varchar(45) NOT NULL,
  PRIMARY KEY (`id_role`)
) ENGINE=InnoDB DEFAULT CHARSET=utf8mb4 COLLATE=utf8mb4_0900_ai_ci;

-- 
-- Dumping data for table s_employee_roles
-- 

/*!40000 ALTER TABLE `s_employee_roles` DISABLE KEYS */;
INSERT INTO `s_employee_roles`(`id_role`,`role_name`) VALUES(1,'Официант'),(2,'Администратор'),(3,'Бармен'),(4,'Барбек');
/*!40000 ALTER TABLE `s_employee_roles` ENABLE KEYS */;

-- 
-- Definition of employee
-- 

DROP TABLE IF EXISTS `employee`;
CREATE TABLE IF NOT EXISTS `employee` (
  `id_employee` int NOT NULL,
  `first_name` varchar(100) NOT NULL,
  `last_name` varchar(100) NOT NULL,
  `middle_name` varchar(100) NOT NULL,
  `id_role` int NOT NULL,
  `phone` varchar(45) NOT NULL,
  `login` varchar(20) NOT NULL,
  `password` varchar(20) NOT NULL,
  PRIMARY KEY (`id_employee`),
  KEY `fk_role_idx` (`id_role`),
  CONSTRAINT `fk_role` FOREIGN KEY (`id_role`) REFERENCES `s_employee_roles` (`id_role`)
) ENGINE=InnoDB DEFAULT CHARSET=utf8mb4 COLLATE=utf8mb4_0900_ai_ci;

-- 
-- Dumping data for table employee
-- 

/*!40000 ALTER TABLE `employee` DISABLE KEYS */;
INSERT INTO `employee`(`id_employee`,`first_name`,`last_name`,`middle_name`,`id_role`,`phone`,`login`,`password`) VALUES(1,'Никита','Вахрушев','Сергеевич',1,'43243254354','log1','111'),(2,'Татьяна','Косько','Дмитриевна',2,'42343254353','log2','222'),(3,'Дарья','Кашинская','Игоревна',3,'34234324324','log3','222');
/*!40000 ALTER TABLE `employee` ENABLE KEYS */;

-- 
-- Definition of reservation
-- 

DROP TABLE IF EXISTS `reservation`;
CREATE TABLE IF NOT EXISTS `reservation` (
  `id_reservation` int NOT NULL,
  `id_client` int NOT NULL,
  `people_count` int NOT NULL,
  `actual_people_count` int DEFAULT NULL,
  `date` date NOT NULL,
  `time` time NOT NULL,
  `deposit` decimal(10,2) NOT NULL,
  `id_employee` int DEFAULT NULL,
  `extra_info` varchar(200) DEFAULT NULL,
  PRIMARY KEY (`id_reservation`),
  KEY `fk_client_reservation_idx` (`id_client`),
  KEY `fk_employee_idx` (`id_employee`),
  CONSTRAINT `fk_client_reservation` FOREIGN KEY (`id_client`) REFERENCES `client` (`id_client`),
  CONSTRAINT `fk_employee` FOREIGN KEY (`id_employee`) REFERENCES `employee` (`id_employee`)
) ENGINE=InnoDB DEFAULT CHARSET=utf8mb4 COLLATE=utf8mb4_0900_ai_ci;

-- 
-- Dumping data for table reservation
-- 

/*!40000 ALTER TABLE `reservation` DISABLE KEYS */;
INSERT INTO `reservation`(`id_reservation`,`id_client`,`people_count`,`actual_people_count`,`date`,`time`,`deposit`,`id_employee`,`extra_info`) VALUES(12,4,3,3,'2025-04-05 00:00:00','20:00:00',34.00,NULL,NULL),(13,7,4,4,'2025-04-05 00:00:00','20:00:00',3.00,1,'День рождения'),(15,1,6,6,'2025-04-06 00:00:00','20:00:00',4.00,2,'Свадьба'),(16,4,4,4,'2025-04-07 00:00:00','20:00:00',4.00,NULL,NULL),(18,3,4,4,'2025-04-08 00:00:00','20:00:00',333.00,NULL,NULL),(19,1,7,8,'2025-04-08 00:00:00','20:00:00',7.00,NULL,NULL),(20,2,4,4,'2025-04-08 00:00:00','20:00:00',4.00,NULL,NULL),(23,1,9,9,'2025-04-10 00:00:00','20:00:00',8.00,NULL,NULL),(24,2,4,4,'2025-04-10 00:00:00','20:00:00',4.00,NULL,NULL),(25,4,3,2,'2025-04-10 00:00:00','20:00:00',3.00,NULL,NULL),(26,3,4,3,'2025-04-10 00:00:00','20:00:00',444.00,NULL,NULL),(27,4,4,4,'2025-04-14 00:00:00','20:00:00',4000.00,NULL,NULL),(28,6,3,3,'2025-04-16 00:00:00','20:00:00',3.00,NULL,NULL),(29,7,4,3,'2025-04-16 00:00:00','20:00:00',4.00,NULL,NULL),(31,4,3,3,'2025-04-16 00:00:00','20:00:00',3.00,NULL,NULL),(33,5,4,3,'2025-04-17 00:00:00','20:00:00',3000.00,NULL,NULL),(34,6,4,4,'2025-04-17 00:00:00','20:00:00',44444.00,NULL,NULL),(35,8,5,3,'2025-04-16 00:00:00','20:00:00',5.00,NULL,NULL),(36,9,6,5,'2025-04-17 00:00:00','20:00:00',6.00,NULL,NULL),(37,5,4,4,'2025-05-06 00:00:00','20:00:00',4.00,NULL,NULL),(38,5,3,3,'2025-05-06 00:00:00','20:00:00',333.00,2,'День рождения'),(39,7,1,1,'2025-05-10 00:00:00','20:00:00',2000.00,NULL,NULL),(40,6,4,4,'2025-05-15 00:00:00','20:00:00',4000.00,NULL,NULL),(41,5,4,4,'2025-05-16 00:00:00','20:00:00',4000.00,NULL,NULL),(42,7,20,18,'2025-05-16 00:00:00','20:00:00',5000.00,NULL,NULL),(43,6,2,2,'2025-05-16 00:00:00','20:00:00',2000.00,NULL,NULL),(44,10,2,2,'2025-05-20 00:00:00','20:00:00',322.00,NULL,NULL),(45,2,4,NULL,'2025-06-26 00:00:00','20:00:00',4000.00,NULL,NULL),(46,4,2,NULL,'2025-06-26 00:00:00','21:00:00',2000.00,NULL,NULL),(47,3,2,NULL,'2025-06-26 00:00:00','21:00:00',1800.00,1,'Свидание'),(48,4,1,NULL,'2025-06-12 00:00:00','20:00:00',1000.00,NULL,NULL),(49,8,8,NULL,'2025-06-12 00:00:00','20:00:00',2000.00,NULL,NULL),(50,9,8,NULL,'2025-06-26 00:00:00','20:00:00',2000.00,NULL,NULL),(51,7,1,NULL,'2025-06-14 00:00:00','20:00:00',4000.00,NULL,NULL);
/*!40000 ALTER TABLE `reservation` ENABLE KEYS */;

-- 
-- Definition of s_events
-- 

DROP TABLE IF EXISTS `s_events`;
CREATE TABLE IF NOT EXISTS `s_events` (
  `id_event` int NOT NULL,
  `event_name` varchar(100) NOT NULL,
  PRIMARY KEY (`id_event`)
) ENGINE=InnoDB DEFAULT CHARSET=utf8mb4 COLLATE=utf8mb4_0900_ai_ci;

-- 
-- Dumping data for table s_events
-- 

/*!40000 ALTER TABLE `s_events` DISABLE KEYS */;
INSERT INTO `s_events`(`id_event`,`event_name`) VALUES(1,'Караоке'),(2,'Вечеринка'),(3,'Корпоратив'),(4,'DJ Vayo'),(5,'DJ Sunn');
/*!40000 ALTER TABLE `s_events` ENABLE KEYS */;

-- 
-- Definition of event_schedule
-- 

DROP TABLE IF EXISTS `event_schedule`;
CREATE TABLE IF NOT EXISTS `event_schedule` (
  `id_event_schedule` int NOT NULL,
  `id_event` int NOT NULL,
  `date` date NOT NULL,
  `start_time` time NOT NULL,
  `end_time` time NOT NULL,
  PRIMARY KEY (`id_event_schedule`),
  KEY `fk_event_idx` (`id_event`),
  CONSTRAINT `fk_event` FOREIGN KEY (`id_event`) REFERENCES `s_events` (`id_event`)
) ENGINE=InnoDB DEFAULT CHARSET=utf8mb4 COLLATE=utf8mb4_0900_ai_ci;

-- 
-- Dumping data for table event_schedule
-- 

/*!40000 ALTER TABLE `event_schedule` DISABLE KEYS */;
INSERT INTO `event_schedule`(`id_event_schedule`,`id_event`,`date`,`start_time`,`end_time`) VALUES(1,1,'2025-04-26 00:00:00','00:01:00','00:04:00'),(2,2,'2025-05-05 00:00:00','18:00:00','20:00:00'),(3,3,'2025-05-05 00:00:00','18:00:00','20:00:00'),(4,4,'2025-05-06 00:00:00','18:00:00','20:00:00'),(5,5,'2025-05-07 00:00:00','19:00:00','20:00:00'),(6,2,'2025-05-08 00:00:00','18:00:00','20:00:00'),(7,5,'2025-05-09 00:00:00','19:00:00','20:00:00'),(8,1,'2025-05-10 00:00:00','18:00:00','20:00:00');
/*!40000 ALTER TABLE `event_schedule` ENABLE KEYS */;

-- 
-- Definition of s_menu_categories
-- 

DROP TABLE IF EXISTS `s_menu_categories`;
CREATE TABLE IF NOT EXISTS `s_menu_categories` (
  `id_category` int NOT NULL,
  `category_name` varchar(45) NOT NULL,
  PRIMARY KEY (`id_category`)
) ENGINE=InnoDB DEFAULT CHARSET=utf8mb4 COLLATE=utf8mb4_0900_ai_ci;

-- 
-- Dumping data for table s_menu_categories
-- 

/*!40000 ALTER TABLE `s_menu_categories` DISABLE KEYS */;
INSERT INTO `s_menu_categories`(`id_category`,`category_name`) VALUES(1,'Стартеры'),(2,'Салаты'),(3,'Гриль'),(4,'Бургер'),(5,'Хлеб'),(6,'Гарниры'),(7,'Супы'),(8,'Основные блюда'),(9,'Соусы'),(10,'Десерты'),(11,'Вяленные закуски'),(12,'Сеты'),(13,'Вино'),(14,'Шампанское'),(15,'Аперитивы'),(16,'Виски'),(17,'Коньяк'),(18,'Бренди'),(19,'Ром'),(20,'Водка'),(21,'Джин'),(22,'Мескаль'),(23,'Текила'),(24,'Фирменные настойки'),(25,'Кофе / Чай'),(26,'Безалкагольные напитки'),(27,'Коктейли'),(28,'Микс дринки'),(29,'Шоты'),(30,'Безалкогольные коктейли');
/*!40000 ALTER TABLE `s_menu_categories` ENABLE KEYS */;

-- 
-- Definition of menu_items
-- 

DROP TABLE IF EXISTS `menu_items`;
CREATE TABLE IF NOT EXISTS `menu_items` (
  `id_item` int NOT NULL,
  `name` varchar(45) NOT NULL,
  `id_category` int NOT NULL,
  `grams_ml` decimal(10,2) NOT NULL,
  `calories` int DEFAULT NULL,
  PRIMARY KEY (`id_item`),
  KEY `fk_category_idx` (`id_category`),
  CONSTRAINT `fk_category` FOREIGN KEY (`id_category`) REFERENCES `s_menu_categories` (`id_category`)
) ENGINE=InnoDB DEFAULT CHARSET=utf8mb4 COLLATE=utf8mb4_0900_ai_ci;

-- 
-- Dumping data for table menu_items
-- 

/*!40000 ALTER TABLE `menu_items` DISABLE KEYS */;
INSERT INTO `menu_items`(`id_item`,`name`,`id_category`,`grams_ml`,`calories`) VALUES(1,'Fish&Chips',1,250.00,200),(2,'Тако с лососем',1,120.00,200),(3,'Тар-тар из говядины',1,130.00,200),(4,'Сырное плато с медом',1,150.00,200),(5,'Картофель фри с трюфелем',1,200.00,400),(6,'Куриные крылья в пряном соусе',1,350.00,400),(7,'Гренки',1,200.00,300),(8,'Сырные стрипсы',1,230.00,300),(9,'Стрипсы и цыпленка',1,250.00,300),(10,'Креветка торпедо',1,130.00,300),(11,'Вонголе в соусе рокфор',1,200.00,300),(12,'Строганина из рыбы',1,180.00,300),(13,'Паштет из печени индейки',1,150.00,300),(14,'Салат с морепродуктами',2,220.00,300),(15,'Салат с ростбифом и соусом Вителло Тонато',2,210.00,300),(16,'Салат овощной',2,330.00,300),(17,'Ребро порося из нашей коптильни',3,320.00,300),(18,'Стейк из куриной грудки в соусе демиглас',3,300.00,300),(19,'Стейк Мачете\"\"',3,200.00,300),(20,'Стейк Мясника',3,200.00,300),(21,'Стейк Фланк\"\"',3,200.00,300),(22,'Свиной стейк Шато\"\"',3,300.00,300),(23,'Бургер Баревич\"\"',4,370.00,300),(24,'Хлебная корзина',5,190.00,300),(25,'Картофель айдахо',6,120.00,300),(26,'Овощи гриль',6,250.00,300),(27,'Картофель фри',6,120.00,350),(28,'Спаржа на гриле',6,120.00,350),(29,'Мурманский «Биск»',7,340.00,350),(30,'Треска «Мурманская» запеченная',8,450.00,350),(31,'Мильфей из лосося и печёного картофеля',8,310.00,350),(32,'Лазанья',8,250.00,350),(33,'Бефстроганов с картофельным пюре с чесноком',8,230.00,350),(34,'Говяжьи щёки на картофельной подушке',8,270.00,350),(35,'Соус демиглас',9,50.00,350),(36,'Соус чимичурри',9,50.00,350),(37,'Горчичный соус',9,50.00,350),(38,'Соус из черной смородины',9,30.00,200),(39,'Чизкейк',10,150.00,200),(40,'Мороженое',10,130.00,200),(41,'Фруктовое плато',10,580.00,200),(42,'Вяленая курица',11,50.00,200),(43,'Вяленая говядина',11,50.00,200),(44,'Горбуша холодного копчения',11,90.00,200),(45,'Мясной сет',12,1300.00,1000),(46,'Рыбный сет',12,990.00,1000),(47,'Пино Гриджио Декорди',13,750.00,600),(48,'Пино Гриджио Delle Venezie DOC бокал',13,150.00,200),(49,'Профезия Виньо Верде',13,750.00,600),(50,'Профезия Виньо Верде DOC бокал',13,150.00,200),(51,'Осадия Совиньон Блан',13,750.00,600),(52,'Осадия Совиньон Блан бокал',13,150.00,200),(53,'Альма Валье Пикник п/сл',13,750.00,600),(54,'Альма Валье Пикник п/сл бокал',13,150.00,200),(55,'Шшш... Это Рислинг',13,750.00,600),(56,'Шшш... Это Рислинг бокал',13,150.00,200),(57,'Эль Кото 1970',13,750.00,600),(58,'Эль Кото 1970 бокал',13,150.00,200),(59,'Мишель Торрино Мальбек',13,750.00,600),(60,'Мишель Торрино Мальбек бокал',13,150.00,200),(61,'Кьянти Баффо Россо',13,750.00,200),(62,'Кьянти Баффо Россо бокал',13,150.00,200),(63,'Осадия п/сл',13,750.00,600),(64,'Осадия п/сл бокал',13,150.00,200),(65,'Камден Парк Шираз',13,750.00,600),(66,'Камден Парк Шираз бокал',13,150.00,200),(67,'Профезия Виньо Верде',13,750.00,600),(68,'Профезия Виньо Верде бокал',13,150.00,200),(69,'Голубицкое',13,750.00,600),(70,'Голубицкое бокал',13,150.00,200),(71,'Мартини Асти DOCG',13,750.00,600),(72,'Мартини Асти DOCG бокал',13,150.00,200),(73,'Мартини Просекко DOC',13,750.00,600),(74,'Мартини Просекко DOC бокал',13,150.00,600),(75,'Кава Ола',13,750.00,200),(76,'Кава Ола бокал',13,150.00,600),(77,'Бруни Просекко',13,750.00,200),(78,'Бруни Просекко бокал',13,150.00,600),(79,'Нувале Брют',13,750.00,200),(80,'Нувале Брют бокал',13,150.00,600),(81,'Ламбруско п/сл',13,750.00,200),(82,'Ламбруско п/сл бокал',13,150.00,600),(83,'А. Бартель',14,100.10,200),(84,'А. Бартель бокал',14,150.00,600),(85,'Ягермейстер',15,500.00,200),(87,'Белуга Нобл Ботаникалс Груша и Липа',15,500.00,600),(88,'Белуга Нобл Ботаникалс Груша и Липа бокал',15,50.00,200),(89,'Апероль',15,700.00,600),(90,'Апероль бокал',15,50.00,200),(91,'Кампари',15,700.00,600),(92,'Кампари бокал',15,50.00,200),(93,'Мартини Фиеро',15,500.00,600),(94,'Мартини Фиеро бокал',15,50.00,200),(95,'Мартини Бьянко',15,500.00,600),(96,'Мартини Бьянко бокал',15,50.00,200),(97,'Чинзано Россо',15,500.00,600),(98,'Чинзано Россо бокал',15,50.00,200),(99,'Чинзано Экстра Драй',15,500.00,600),(100,'Чинзано Экстра Драй бокал',15,50.00,200),(101,'Фернет-Бранка',15,500.00,600),(102,'Фернет-Бранка бокал',15,50.00,200),(103,'Бранка Мента',15,500.00,600),(104,'Бранка Мента бокал',15,50.00,200),(105,'Минту',15,500.00,600),(106,'Минту бокал',15,50.00,200),(107,'Бульдог',21,600.00,600),(108,'Бульдог (бокал)',21,50.00,200),(109,'Бомбей Сапфир',21,520.00,600),(110,'Бомбей Сапфир (бокал)',21,50.00,200),(111,'Джинато Пино Гриджо',21,500.00,600),(112,'Джинато Пино Гриджо (бокал)',21,50.00,200),(113,'Бифитер',21,470.00,600),(114,'Бифитер (бокал)',21,50.00,200),(115,'Джинт Гинл',21,450.00,600),(116,'Джинт Гинл (бокал)',21,50.00,200),(117,'Гран Мескаль Ля Эскондида Бланко',22,800.00,600),(118,'Гран Мескаль Ля Эскондида Бланко (бокал)',22,50.00,200),(119,'Гран Мескаль Ля Эскондида Репосадо',22,900.00,600),(120,'Гран Мескаль Ля Эскондида Репосадо (бокал)',22,50.00,200),(121,'Гран Сотол Ля Эскондида',22,850.00,600),(122,'Гран Сотол Ля Эскондида (бокал)',22,50.00,200),(123,'Рачинита Эстансия',22,750.00,600),(124,'Рачинита Эстансия (бокал)',22,50.00,200),(125,'Мескаль Се Буска Репосадо',22,700.00,600),(126,'Мескаль Се Буска Репосадо (бокал)',22,50.00,200),(127,'Рустер Рохо Аньехо Смоукд Пайнэпл',23,790.00,600),(128,'Рустер Рохо Аньехо Смоукд Пайнэпл (бокал)',23,50.00,200),(129,'Эсполон Репосадо 100 агавы',23,570.00,600),(130,'Эсполон Репосадо 100 агавы (бокал)',23,50.00,200),(131,'Эсполон Бланко 100 агавы',23,450.00,600),(132,'Эсполон Бланко 100 агавы (бокал)',23,50.00,200),(133,'Пуэбло Вьехо Бланко 100 агавы',23,450.00,600),(134,'Пуэбло Вьехо Бланко 100 агавы (бокал)',23,50.00,200),(135,'Мороша',24,410.00,600),(136,'Мороша (бокал)',24,50.00,200),(137,'Малина',24,350.00,600),(138,'Малина (бокал)',24,50.00,200),(139,'Джин Черная Смородина',24,350.00,200),(140,'Джин Черная Смородина (бокал)',24,50.00,200),(141,'Брусника',24,350.00,200),(142,'Брусника (бокал)',24,50.00,200),(143,'Черника',24,350.00,200),(144,'Черника (бокал)',24,50.00,200),(145,'Эспрессо 40',25,40.00,200),(146,'Американо 150',25,150.00,200),(147,'Капучино 150',25,150.00,200),(148,'Латте 200',25,200.00,200),(149,'Ассам / Чабрец / Эрл Грей 500',25,500.00,200),(150,'Ассам / Чабрец / Эрл Грей 1000',25,1000.00,200),(151,'Облепиха с имбирем',25,500.00,200),(152,'Облепиха с имбирем',25,1000.00,200),(153,'Сырные колечки',1,210.00,200),(154,'Наггетсы',1,300.00,200),(159,'Луковые палочки',1,34.00,200),(160,'Чебурек',1,20.20,200),(161,'Сырные наггетсы',1,210.50,2000);
/*!40000 ALTER TABLE `menu_items` ENABLE KEYS */;

-- 
-- Definition of price_list
-- 

DROP TABLE IF EXISTS `price_list`;
CREATE TABLE IF NOT EXISTS `price_list` (
  `id_price` int NOT NULL AUTO_INCREMENT,
  `id_item` int NOT NULL,
  `price` decimal(10,2) NOT NULL,
  `date` datetime DEFAULT NULL,
  PRIMARY KEY (`id_price`),
  KEY `fk_menu_item_idx` (`id_item`),
  CONSTRAINT `fk_menu_item` FOREIGN KEY (`id_item`) REFERENCES `menu_items` (`id_item`)
) ENGINE=InnoDB AUTO_INCREMENT=191 DEFAULT CHARSET=utf8mb4 COLLATE=utf8mb4_0900_ai_ci;

-- 
-- Dumping data for table price_list
-- 

/*!40000 ALTER TABLE `price_list` DISABLE KEYS */;
INSERT INTO `price_list`(`id_price`,`id_item`,`price`,`date`) VALUES(3,3,690.00,'2025-04-06 00:00:00'),(4,4,690.00,'2025-04-06 00:00:00'),(5,5,390.00,'2025-04-06 00:00:00'),(6,6,590.00,'2025-04-06 00:00:00'),(7,7,290.00,'2025-04-06 00:00:00'),(8,8,490.00,'2025-04-06 00:00:00'),(9,9,490.00,'2025-04-06 00:00:00'),(10,10,550.00,'2025-04-06 00:00:00'),(11,11,490.00,'2025-04-06 00:00:00'),(12,12,490.00,'2025-04-06 00:00:00'),(13,13,390.00,'2025-04-06 00:00:00'),(14,14,790.00,'2025-04-06 00:00:00'),(15,15,690.00,'2025-04-06 00:00:00'),(16,16,490.00,'2025-04-06 00:00:00'),(17,17,790.00,'2025-04-06 00:00:00'),(18,18,490.00,'2025-04-06 00:00:00'),(19,19,770.00,'2025-04-06 00:00:00'),(20,20,770.00,'2025-04-06 00:00:00'),(21,21,770.00,'2025-04-06 00:00:00'),(22,22,690.00,'2025-04-06 00:00:00'),(23,23,790.00,'2025-04-06 00:00:00'),(24,24,190.00,'2025-04-06 00:00:00'),(25,25,290.00,'2025-04-06 00:00:00'),(26,26,390.00,'2025-04-06 00:00:00'),(27,27,290.00,'2025-04-06 00:00:00'),(28,28,290.00,'2025-04-06 00:00:00'),(29,29,690.00,'2025-04-06 00:00:00'),(30,30,590.00,'2025-04-06 00:00:00'),(31,31,1190.00,'2025-04-06 00:00:00'),(32,32,690.00,'2025-04-06 00:00:00'),(33,33,690.00,'2025-04-06 00:00:00'),(34,34,690.00,'2025-04-06 00:00:00'),(35,35,90.00,'2025-04-06 00:00:00'),(36,36,90.00,'2025-04-06 00:00:00'),(37,37,90.00,'2025-04-06 00:00:00'),(38,38,90.00,'2025-04-06 00:00:00'),(39,39,290.00,'2025-04-06 00:00:00'),(40,40,250.00,'2025-04-06 00:00:00'),(41,41,590.00,'2025-04-06 00:00:00'),(42,42,290.00,'2025-04-06 00:00:00'),(43,43,320.00,'2025-04-06 00:00:00'),(44,44,290.00,'2025-04-06 00:00:00'),(45,45,3190.00,'2025-04-06 00:00:00'),(46,46,2490.00,'2025-04-06 00:00:00'),(47,47,2400.00,'2025-04-06 00:00:00'),(48,48,490.00,'2025-04-06 00:00:00'),(49,49,2400.00,'2025-04-06 00:00:00'),(50,50,490.00,'2025-04-06 00:00:00'),(51,51,2400.00,'2025-04-06 00:00:00'),(52,52,490.00,'2025-04-06 00:00:00'),(53,53,2400.00,'2025-04-06 00:00:00'),(54,54,490.00,'2025-04-06 00:00:00'),(55,55,2750.00,'2025-04-06 00:00:00'),(56,56,550.00,'2025-04-06 00:00:00'),(57,57,2400.00,'2025-04-06 00:00:00'),(58,58,490.00,'2025-04-06 00:00:00'),(59,59,2400.00,'2025-04-06 00:00:00'),(60,60,490.00,'2025-04-06 00:00:00'),(61,61,2400.00,'2025-04-06 00:00:00'),(62,62,490.00,'2025-04-06 00:00:00'),(63,63,2400.00,'2025-04-06 00:00:00'),(64,64,490.00,'2025-04-06 00:00:00'),(65,65,2750.00,'2025-04-06 00:00:00'),(66,66,550.00,'2025-04-06 00:00:00'),(67,67,2400.00,'2025-04-06 00:00:00'),(68,68,490.00,'2025-04-06 00:00:00'),(69,69,2400.00,'2025-04-06 00:00:00'),(70,70,490.00,'2025-04-06 00:00:00'),(71,71,3900.00,'2025-04-06 00:00:00'),(72,72,580.00,'2025-04-06 00:00:00'),(73,73,3900.00,'2025-04-06 00:00:00'),(74,74,580.00,'2025-04-06 00:00:00'),(75,75,2400.00,'2025-04-06 00:00:00'),(76,76,450.00,'2025-04-06 00:00:00'),(77,77,2200.00,'2025-04-06 00:00:00'),(78,78,450.00,'2025-04-06 00:00:00'),(79,79,2200.00,'2025-04-06 00:00:00'),(80,80,450.00,'2025-04-06 00:00:00'),(81,81,2400.00,'2025-04-06 00:00:00'),(82,82,490.00,'2025-04-06 00:00:00'),(83,83,12000.00,'2025-04-06 00:00:00'),(84,84,750.00,'2025-04-06 00:00:00'),(85,85,6800.00,'2025-04-06 00:00:00'),(87,87,7000.00,'2025-04-06 00:00:00'),(88,88,700.00,'2025-04-06 00:00:00'),(89,89,7000.00,'2025-04-06 00:00:00'),(90,90,700.00,'2025-04-06 00:00:00'),(91,91,7000.00,'2025-04-06 00:00:00'),(92,92,700.00,'2025-04-06 00:00:00'),(93,93,3700.00,'2025-04-06 00:00:00'),(94,94,550.00,'2025-04-06 00:00:00'),(95,95,3700.00,'2025-04-06 00:00:00'),(96,96,550.00,'2025-04-06 00:00:00'),(97,97,3700.00,'2025-04-06 00:00:00'),(98,98,550.00,'2025-04-06 00:00:00'),(99,99,3700.00,'2025-04-06 00:00:00'),(100,100,550.00,'2025-04-06 00:00:00'),(101,101,5000.00,'2025-04-06 00:00:00'),(102,102,600.00,'2025-04-06 00:00:00'),(103,103,5000.00,'2025-04-06 00:00:00'),(104,104,600.00,'2025-04-06 00:00:00'),(105,105,4900.00,'2025-04-06 00:00:00'),(106,106,490.00,'2025-04-06 00:00:00'),(107,107,8400.00,'2025-04-06 00:00:00'),(108,108,700.00,'2025-04-06 00:00:00'),(109,109,7200.00,'2025-04-06 00:00:00'),(110,110,700.00,'2025-04-06 00:00:00'),(111,111,7900.00,'2025-04-06 00:00:00'),(112,112,700.00,'2025-04-06 00:00:00'),(113,113,5000.00,'2025-04-06 00:00:00'),(114,114,700.00,'2025-04-06 00:00:00'),(115,115,4500.00,'2025-04-06 00:00:00'),(116,116,700.00,'2025-04-06 00:00:00'),(117,117,11200.00,'2025-04-06 00:00:00'),(118,118,700.00,'2025-04-06 00:00:00'),(119,119,12600.00,'2025-04-06 00:00:00'),(120,120,700.00,'2025-04-06 00:00:00'),(121,121,11900.00,'2025-04-06 00:00:00'),(122,122,700.00,'2025-04-06 00:00:00'),(123,123,11000.00,'2025-04-06 00:00:00'),(124,124,700.00,'2025-04-06 00:00:00'),(125,125,9800.00,'2025-04-06 00:00:00'),(126,126,700.00,'2025-04-06 00:00:00'),(127,127,8400.00,'2025-04-06 00:00:00'),(128,128,700.00,'2025-04-06 00:00:00'),(129,129,8200.00,'2025-04-06 00:00:00'),(130,130,700.00,'2025-04-06 00:00:00'),(131,131,7800.00,'2025-04-06 00:00:00'),(132,132,700.00,'2025-04-06 00:00:00'),(133,133,6300.00,'2025-04-06 00:00:00'),(134,134,700.00,'2025-04-06 00:00:00'),(135,135,4100.00,'2025-04-06 00:00:00'),(136,136,500.00,'2025-04-06 00:00:00'),(137,137,3500.00,'2025-04-06 00:00:00'),(138,138,500.00,'2025-04-06 00:00:00'),(139,139,4100.00,'2025-04-06 00:00:00'),(140,140,500.00,'2025-04-06 00:00:00'),(141,141,3500.00,'2025-04-06 00:00:00'),(142,142,500.00,'2025-04-06 00:00:00'),(143,143,3500.00,'2025-04-06 00:00:00'),(144,144,500.00,'2025-04-06 00:00:00'),(145,145,190.00,'2025-04-06 00:00:00'),(146,146,190.00,'2025-04-06 00:00:00'),(147,147,240.00,'2025-04-06 00:00:00'),(148,148,290.00,'2025-04-06 00:00:00'),(149,149,240.00,'2025-04-06 00:00:00'),(150,150,340.00,'2025-04-06 00:00:00'),(151,151,290.00,'2025-04-06 00:00:00'),(152,152,420.00,'2025-04-06 00:00:00'),(157,153,3.00,'2025-04-14 00:00:00'),(158,154,2.00,'2025-04-14 00:00:00'),(164,3,690.00,'2025-04-14 00:00:00'),(166,5,390.00,'2025-04-14 00:00:00'),(167,4,690.00,'2025-04-14 00:00:00'),(169,7,290.00,'2025-04-14 00:00:00'),(170,7,290.00,'2025-04-14 00:00:10'),(171,7,290.00,'2025-04-14 00:00:20'),(172,7,290.00,'2025-04-14 00:00:00'),(173,7,310.00,'2025-04-14 14:34:43'),(176,83,12123.00,'2025-05-15 13:02:01'),(177,83,12123.00,'2025-05-16 11:45:00'),(178,83,12123.20,'2025-05-16 11:54:12'),(179,83,12123.00,'2025-05-16 11:54:20'),(180,83,12123.20,'2025-05-16 11:54:31'),(185,161,2000.00,'2025-05-16 12:11:47'),(186,161,2000.00,'2025-05-16 14:30:06'),(187,161,2000.00,'2025-05-16 14:30:37'),(188,153,300.00,'2025-06-05 13:18:42'),(189,154,290.00,'2025-06-05 13:19:11'),(190,3,690.00,'2025-06-12 17:23:32');
/*!40000 ALTER TABLE `price_list` ENABLE KEYS */;

-- 
-- Definition of menu_in_order
-- 

DROP TABLE IF EXISTS `menu_in_order`;
CREATE TABLE IF NOT EXISTS `menu_in_order` (
  `menu_list_id` int NOT NULL AUTO_INCREMENT,
  `id_reservation` int NOT NULL,
  `id_price` int NOT NULL,
  `quantity` int NOT NULL,
  `id_complete_status` int NOT NULL,
  PRIMARY KEY (`menu_list_id`),
  KEY `fk_order_idx` (`id_reservation`),
  KEY `fk_complete_status_idx` (`id_complete_status`),
  KEY `fk_price_idx` (`id_price`),
  CONSTRAINT `fk_complete_status` FOREIGN KEY (`id_complete_status`) REFERENCES `s_complete_status` (`id_complete_status`),
  CONSTRAINT `fk_menu_reservation` FOREIGN KEY (`id_reservation`) REFERENCES `reservation` (`id_reservation`),
  CONSTRAINT `fk_price_list` FOREIGN KEY (`id_price`) REFERENCES `price_list` (`id_price`)
) ENGINE=InnoDB AUTO_INCREMENT=68 DEFAULT CHARSET=utf8mb4 COLLATE=utf8mb4_0900_ai_ci;

-- 
-- Dumping data for table menu_in_order
-- 

/*!40000 ALTER TABLE `menu_in_order` DISABLE KEYS */;
INSERT INTO `menu_in_order`(`menu_list_id`,`id_reservation`,`id_price`,`quantity`,`id_complete_status`) VALUES(6,26,4,1,1),(7,31,6,1,1),(8,31,166,1,1),(9,31,167,1,1),(10,31,164,3,1),(11,15,164,1,2),(12,15,166,1,2),(22,33,55,2,1),(23,33,13,1,1),(24,33,15,1,1),(27,36,173,1,2),(29,13,24,2,1),(30,39,9,2,2),(31,40,176,1,1),(32,41,185,2,2),(33,42,185,1,2),(34,43,180,3,1),(35,12,9,1,2),(36,12,10,1,2),(37,44,173,2,1),(38,44,17,2,1),(39,44,46,1,1),(40,44,139,1,1),(41,47,166,1,1),(42,47,8,1,1),(43,47,180,1,1),(47,48,39,1,2),(48,48,57,2,2),(49,48,190,2,2),(50,49,15,1,2),(51,49,16,2,2),(52,49,21,1,2),(53,49,180,1,2),(54,49,127,1,2),(60,50,26,1,2),(61,50,55,1,2),(62,50,57,1,2),(63,50,173,2,2),(64,50,14,2,2),(65,51,10,5,2),(66,51,55,2,2),(67,51,166,1,2);
/*!40000 ALTER TABLE `menu_in_order` ENABLE KEYS */;

-- 
-- Definition of product_in_menu_items
-- 

DROP TABLE IF EXISTS `product_in_menu_items`;
CREATE TABLE IF NOT EXISTS `product_in_menu_items` (
  `id_product_in_menu_items` int NOT NULL AUTO_INCREMENT,
  `id_product` int NOT NULL,
  `id_item` int NOT NULL,
  `quantity` decimal(10,2) NOT NULL,
  PRIMARY KEY (`id_product_in_menu_items`),
  KEY `id_product` (`id_product`),
  KEY `id_item` (`id_item`),
  CONSTRAINT `product_in_menu_items_ibfk_1` FOREIGN KEY (`id_product`) REFERENCES `product` (`id_product`),
  CONSTRAINT `product_in_menu_items_ibfk_2` FOREIGN KEY (`id_item`) REFERENCES `menu_items` (`id_item`)
) ENGINE=InnoDB AUTO_INCREMENT=129 DEFAULT CHARSET=utf8mb4 COLLATE=utf8mb4_0900_ai_ci;

-- 
-- Dumping data for table product_in_menu_items
-- 

/*!40000 ALTER TABLE `product_in_menu_items` DISABLE KEYS */;
INSERT INTO `product_in_menu_items`(`id_product_in_menu_items`,`id_product`,`id_item`,`quantity`) VALUES(1,1,1,200.00),(2,27,1,150.00),(3,14,1,0.10),(4,23,2,100.00),(5,30,2,30.00),(6,31,2,20.00),(7,40,2,0.05),(20,1,5,180.00),(21,18,5,0.05),(22,2,6,300.00),(23,40,6,0.05),(24,10,6,2.00),(27,2,8,150.00),(28,4,8,50.00),(29,16,8,30.00),(30,2,9,200.00),(31,16,9,30.00),(32,24,10,130.00),(33,16,10,20.00),(34,14,10,0.05),(35,25,11,120.00),(36,6,11,40.00),(37,7,11,0.20),(38,26,12,180.00),(39,10,12,1.00),(40,9,12,1.00),(41,37,13,150.00),(42,15,13,20.00),(43,11,13,5.00),(44,24,14,80.00),(45,25,14,50.00),(46,23,14,40.00),(47,30,14,50.00),(48,3,15,100.00),(49,30,15,80.00),(50,11,15,5.00),(51,40,15,0.05),(52,30,16,80.00),(53,31,16,40.00),(54,32,16,40.00),(55,12,16,30.00),(56,10,16,2.00),(57,38,17,300.00),(58,10,17,3.00),(59,9,17,3.00),(60,2,18,200.00),(61,19,18,0.05),(62,3,19,200.00),(63,19,19,0.05),(64,3,20,200.00),(65,19,20,0.05),(68,1,1,0.40),(88,1,5,180.00),(89,18,5,0.05),(90,33,5,3.00),(94,4,4,40.00),(95,5,4,40.00),(96,6,4,40.00),(106,17,7,150.00),(107,15,7,20.00),(108,15,159,4.00),(109,5,159,0.40),(110,38,159,0.60),(111,12,159,3.00),(115,13,83,100.10),(116,14,160,20.20),(120,43,161,10.50),(121,2,161,200.00),(122,9,153,10.00),(123,5,153,200.00),(124,2,154,300.00),(125,3,3,120.00),(126,10,3,2.00),(127,11,3,5.00),(128,9,3,3.00);
/*!40000 ALTER TABLE `product_in_menu_items` ENABLE KEYS */;

-- 
-- Definition of s_units
-- 

DROP TABLE IF EXISTS `s_units`;
CREATE TABLE IF NOT EXISTS `s_units` (
  `id_unit` int NOT NULL,
  `unit` varchar(45) NOT NULL,
  PRIMARY KEY (`id_unit`)
) ENGINE=InnoDB DEFAULT CHARSET=utf8mb4 COLLATE=utf8mb4_0900_ai_ci;

-- 
-- Dumping data for table s_units
-- 

/*!40000 ALTER TABLE `s_units` DISABLE KEYS */;
INSERT INTO `s_units`(`id_unit`,`unit`) VALUES(1,'Грамм'),(2,'Миллилитр'),(3,'Литр'),(4,'Килограмм');
/*!40000 ALTER TABLE `s_units` ENABLE KEYS */;

-- 
-- Definition of product
-- 

DROP TABLE IF EXISTS `product`;
CREATE TABLE IF NOT EXISTS `product` (
  `id_product` int NOT NULL AUTO_INCREMENT,
  `product_name` varchar(100) NOT NULL,
  `id_unit` int NOT NULL,
  `stock_quantity` decimal(10,2) NOT NULL DEFAULT '0.00',
  PRIMARY KEY (`id_product`),
  KEY `fk_unit_idx` (`id_unit`),
  CONSTRAINT `fk_unit` FOREIGN KEY (`id_unit`) REFERENCES `s_units` (`id_unit`)
) ENGINE=InnoDB AUTO_INCREMENT=53 DEFAULT CHARSET=utf8mb4 COLLATE=utf8mb4_0900_ai_ci;

-- 
-- Dumping data for table product
-- 

/*!40000 ALTER TABLE `product` DISABLE KEYS */;
INSERT INTO `product`(`id_product`,`product_name`,`id_unit`,`stock_quantity`) VALUES(1,'Картофель',1,9315.00),(2,'Куриное филе',1,100.00),(3,'Говядина',1,3412.00),(4,'Сыр Чеддер',1,2977.90),(5,'Сыр Моцарелла',1,1990.00),(6,'Сыр Пармезан',1,1600.00),(7,'Сливки 33%',2,23.00),(8,'Огурцы маринованные',1,800.00),(9,'Соль',1,988.00),(10,'Перец черный молотый',1,488.00),(11,'Чеснок',1,975.00),(12,'Морковь',1,1440.00),(13,'Лук репчатый',1,1599.60),(14,'Масло растительное',2,14.70),(15,'Масло сливочное',1,940.00),(16,'Мука пшеничная',1,2790.00),(17,'Хлеб белый',1,550.00),(18,'Трюфельное масло',2,1.80),(19,'Соус демиглас',2,6.00),(20,'Соус чимичурри',2,3.00),(21,'Соус горчичный',2,3.00),(22,'Соус ягодный',2,2.00),(23,'Лосось свежий',1,2820.00),(24,'Креветки',1,1060.00),(25,'Мидии Вонголе',1,1398.00),(26,'Тунец',1,1000.00),(27,'Филе трески',1,2000.00),(30,'Салат Айсберг',1,430.00),(31,'Томаты черри',1,900.00),(32,'Огурец свежий',1,920.00),(33,'Спаржа',1,597.00),(34,'Вяленая говядина',1,400.00),(35,'Вяленая курица',1,400.00),(36,'Хлеб бородинский',1,800.00),(37,'Печень индейки',1,700.00),(38,'Фарш мясной',1,1500.00),(39,'Булочка для бургера',1,470.04),(40,'Соус Барбекю',2,1.90),(41,'Мороженое ванильное',1,1000.00),(42,'Шоколад тёртый',1,500.00),(43,'Базилик свежий',1,258.80),(44,'Розмарин свежий',1,200.00),(45,'Вино белое сухое',2,10.00),(46,'Вино красное сухое',2,8.00),(47,'Портвейн',2,5.00),(48,'Виски',2,10.00),(49,'Текила',2,8.00),(50,'Джин',2,8.00);
/*!40000 ALTER TABLE `product` ENABLE KEYS */;

-- 
-- Definition of product_in_order
-- 

DROP TABLE IF EXISTS `product_in_order`;
CREATE TABLE IF NOT EXISTS `product_in_order` (
  `id_product_in_order` int NOT NULL AUTO_INCREMENT,
  `id_purchase_order` int NOT NULL,
  `id_product` int NOT NULL,
  `quantity` int NOT NULL,
  PRIMARY KEY (`id_product_in_order`),
  KEY `id_purchase` (`id_purchase_order`),
  KEY `id_product` (`id_product`),
  CONSTRAINT `product_in_order_ibfk_1` FOREIGN KEY (`id_purchase_order`) REFERENCES `purchase_order` (`id_purchase_order`),
  CONSTRAINT `product_in_order_ibfk_2` FOREIGN KEY (`id_product`) REFERENCES `product` (`id_product`)
) ENGINE=InnoDB AUTO_INCREMENT=58 DEFAULT CHARSET=utf8mb4 COLLATE=utf8mb4_0900_ai_ci;

-- 
-- Dumping data for table product_in_order
-- 

/*!40000 ALTER TABLE `product_in_order` DISABLE KEYS */;
INSERT INTO `product_in_order`(`id_product_in_order`,`id_purchase_order`,`id_product`,`quantity`) VALUES(1,7,1,7000),(5,9,33,2000),(11,10,6,1000),(12,10,1,1000),(20,16,1,3000),(21,17,1,1000),(22,18,1,1000),(23,19,1,2000),(24,20,1,100),(25,21,1,5000),(26,22,4,6000),(27,23,1,1100),(28,24,1,5000),(29,6,1,6000),(30,25,3,2000),(31,26,1,10000),(32,26,2,1000),(33,27,1,1000),(34,27,2,1000),(35,28,7,30000),(36,28,19,30000),(37,29,6,100),(38,30,1,5000),(39,31,1,10000),(47,46,1,4000),(50,48,1,10001),(51,48,8,10000),(52,49,4,10000),(53,50,6,10000),(55,51,3,1200),(56,51,1,9000),(57,52,1,3100);
/*!40000 ALTER TABLE `product_in_order` ENABLE KEYS */;

-- 
-- Definition of s_writeoff_type
-- 

DROP TABLE IF EXISTS `s_writeoff_type`;
CREATE TABLE IF NOT EXISTS `s_writeoff_type` (
  `id_writeoff_type` int NOT NULL,
  `writeoff_type` varchar(45) NOT NULL,
  PRIMARY KEY (`id_writeoff_type`)
) ENGINE=InnoDB DEFAULT CHARSET=utf8mb4 COLLATE=utf8mb4_0900_ai_ci;

-- 
-- Dumping data for table s_writeoff_type
-- 

/*!40000 ALTER TABLE `s_writeoff_type` DISABLE KEYS */;
INSERT INTO `s_writeoff_type`(`id_writeoff_type`,`writeoff_type`) VALUES(1,'Истекший срок годности'),(2,'Потеря');
/*!40000 ALTER TABLE `s_writeoff_type` ENABLE KEYS */;

-- 
-- Definition of suppliers
-- 

DROP TABLE IF EXISTS `suppliers`;
CREATE TABLE IF NOT EXISTS `suppliers` (
  `id_supplier` int NOT NULL AUTO_INCREMENT,
  `supplier_name` varchar(100) NOT NULL,
  `phone` varchar(11) NOT NULL,
  `address` varchar(200) NOT NULL,
  PRIMARY KEY (`id_supplier`)
) ENGINE=InnoDB AUTO_INCREMENT=5 DEFAULT CHARSET=utf8mb4 COLLATE=utf8mb4_0900_ai_ci;

-- 
-- Dumping data for table suppliers
-- 

/*!40000 ALTER TABLE `suppliers` DISABLE KEYS */;
INSERT INTO `suppliers`(`id_supplier`,`supplier_name`,`phone`,`address`) VALUES(1,'Мираторг','78904562378','г. Мончегорск, ул. Быкова 16'),(2,'Окраина','78435654643','г. Мурманск , ул. Академика Книпочича 56'),(3,'СолДосРост','75343246757','г. Оленегорск, ул. Молодежная, д. 23');
/*!40000 ALTER TABLE `suppliers` ENABLE KEYS */;

-- 
-- Definition of purchase_order
-- 

DROP TABLE IF EXISTS `purchase_order`;
CREATE TABLE IF NOT EXISTS `purchase_order` (
  `id_purchase_order` int NOT NULL AUTO_INCREMENT,
  `id_supplier` int NOT NULL,
  `purchase_date` datetime NOT NULL,
  PRIMARY KEY (`id_purchase_order`),
  KEY `supplier_id` (`id_supplier`),
  CONSTRAINT `purchase_order_ibfk_1` FOREIGN KEY (`id_supplier`) REFERENCES `suppliers` (`id_supplier`)
) ENGINE=InnoDB AUTO_INCREMENT=53 DEFAULT CHARSET=utf8mb4 COLLATE=utf8mb4_0900_ai_ci;

-- 
-- Dumping data for table purchase_order
-- 

/*!40000 ALTER TABLE `purchase_order` DISABLE KEYS */;
INSERT INTO `purchase_order`(`id_purchase_order`,`id_supplier`,`purchase_date`) VALUES(1,1,'2025-04-17 00:00:00'),(2,1,'2025-04-17 00:00:00'),(3,1,'2025-04-17 00:00:00'),(5,1,'2025-04-17 00:00:00'),(6,1,'2025-04-17 00:00:00'),(7,1,'2025-04-17 00:00:00'),(8,1,'2025-04-24 00:00:00'),(9,1,'2025-04-17 00:00:00'),(10,2,'2025-04-18 00:00:00'),(11,1,'2025-04-17 00:00:00'),(12,1,'2025-04-17 00:00:00'),(13,1,'2025-04-17 00:00:00'),(14,1,'2025-04-24 00:00:00'),(15,1,'2025-04-25 00:00:00'),(16,2,'2025-04-17 00:00:00'),(17,1,'2025-04-17 00:00:00'),(18,1,'2025-05-10 00:00:00'),(19,1,'2025-05-01 00:00:00'),(20,1,'2025-05-01 00:00:00'),(21,1,'2025-04-23 00:00:00'),(22,1,'2025-04-26 00:00:00'),(23,1,'2025-04-27 00:00:00'),(24,1,'2025-04-28 00:00:00'),(25,1,'2025-05-07 00:04:57'),(26,1,'2025-05-07 03:09:30'),(27,1,'2025-05-07 03:15:49'),(28,1,'2025-05-07 05:15:06'),(29,1,'2025-05-10 11:09:15'),(30,1,'2025-05-15 13:24:24'),(31,1,'2025-05-15 14:53:56'),(32,1,'2025-05-15 14:54:02'),(33,1,'2025-05-15 14:54:08'),(38,1,'2025-05-16 10:59:51'),(39,1,'2025-05-16 10:59:56'),(40,1,'2025-05-16 11:02:01'),(41,1,'2025-05-16 11:02:10'),(42,1,'2025-05-16 11:02:16'),(43,1,'2025-05-16 11:09:56'),(44,1,'2025-05-16 11:10:02'),(45,1,'2025-05-16 11:10:06'),(46,1,'2025-05-16 11:13:12'),(47,3,'2025-05-19 23:16:48'),(48,3,'2025-05-19 23:17:08'),(49,3,'2025-05-19 23:21:36'),(50,1,'2025-05-19 23:22:19'),(51,2,'2025-05-19 23:24:46'),(52,1,'2025-05-20 00:15:44');
/*!40000 ALTER TABLE `purchase_order` ENABLE KEYS */;

-- 
-- Definition of supply
-- 

DROP TABLE IF EXISTS `supply`;
CREATE TABLE IF NOT EXISTS `supply` (
  `id_supply` int NOT NULL AUTO_INCREMENT,
  `invoice_number` varchar(45) NOT NULL,
  `id_purchase_order` int NOT NULL,
  `supply_date` date NOT NULL,
  `id_complete_status` int NOT NULL DEFAULT '0',
  PRIMARY KEY (`id_supply`),
  KEY `fk_order_idx` (`id_purchase_order`),
  KEY `fk_supply_status_idx` (`id_complete_status`),
  CONSTRAINT `fk_order_supply` FOREIGN KEY (`id_purchase_order`) REFERENCES `purchase_order` (`id_purchase_order`),
  CONSTRAINT `fk_status_supply` FOREIGN KEY (`id_complete_status`) REFERENCES `s_complete_status` (`id_complete_status`)
) ENGINE=InnoDB AUTO_INCREMENT=45 DEFAULT CHARSET=utf8mb4 COLLATE=utf8mb4_0900_ai_ci;

-- 
-- Dumping data for table supply
-- 

/*!40000 ALTER TABLE `supply` DISABLE KEYS */;
INSERT INTO `supply`(`id_supply`,`invoice_number`,`id_purchase_order`,`supply_date`,`id_complete_status`) VALUES(1,'INV638804736226653473',6,'2025-04-17 00:00:00',1),(2,'INV638804737396629308',7,'2025-04-17 00:00:00',1),(3,'INV638804766255747843',8,'2025-04-17 00:00:00',1),(5,'INV638804768023761062',9,'2025-04-17 00:00:00',2),(10,'INV638804777361035799',10,'2025-04-18 00:00:00',2),(17,'INV638821101007514482',16,'2025-04-17 00:00:00',2),(18,'INV638821101986517874',17,'2025-04-17 00:00:00',2),(19,'INV638821104821898455',18,'2025-05-10 00:00:00',2),(20,'INV638821106648009548',19,'2025-05-01 00:00:00',2),(21,'INV638821108026451240',20,'2025-05-01 00:00:00',2),(22,'INV638821109060214652',21,'2025-04-23 00:00:00',2),(23,'INV638821113188887599',22,'2025-04-26 00:00:00',2),(24,'INV638821114387754413',23,'2025-04-27 00:00:00',2),(25,'INV638821115181340526',24,'2025-04-28 00:00:00',2),(26,'INV638821730972243896',25,'2025-05-28 00:00:00',2),(27,'INV638821841697368312',26,'2025-05-21 00:00:00',2),(29,'INV638821845491614974',27,'2025-04-17 00:00:00',2),(30,'INV638821917064192803',28,'2025-04-17 00:00:00',2),(31,'INV638824721546197223',29,'2025-05-10 00:00:00',2),(32,'INV638829122642108408',30,'2025-04-17 00:00:00',2),(33,'INV638829176482111568',31,'2025-05-15 00:00:00',2),(39,'INV638829907937039528',46,'2025-05-16 00:00:00',2),(40,'INV638832934281646283',48,'2025-05-28 00:00:00',1),(41,'INV638832936964680774',49,'2025-05-30 00:00:00',1),(42,'INV638832937391174989',50,'2025-05-19 00:00:00',2),(43,'INV638832938860750566',51,'2025-05-19 00:00:00',2),(44,'INV638832969439616041',52,'2025-05-25 00:00:00',2);
/*!40000 ALTER TABLE `supply` ENABLE KEYS */;

-- 
-- Definition of product_in_supply
-- 

DROP TABLE IF EXISTS `product_in_supply`;
CREATE TABLE IF NOT EXISTS `product_in_supply` (
  `id_product_in_supply` int NOT NULL AUTO_INCREMENT,
  `id_supply` int NOT NULL,
  `id_product` int NOT NULL,
  `price` decimal(10,2) NOT NULL,
  `quantity` int NOT NULL,
  PRIMARY KEY (`id_product_in_supply`),
  KEY `fk_product_idx` (`id_product`),
  KEY `fk_supply_idx` (`id_supply`),
  CONSTRAINT `fk_product` FOREIGN KEY (`id_product`) REFERENCES `product` (`id_product`),
  CONSTRAINT `fk_supply` FOREIGN KEY (`id_supply`) REFERENCES `supply` (`id_supply`)
) ENGINE=InnoDB AUTO_INCREMENT=24 DEFAULT CHARSET=utf8mb4 COLLATE=utf8mb4_0900_ai_ci;

-- 
-- Dumping data for table product_in_supply
-- 

/*!40000 ALTER TABLE `product_in_supply` DISABLE KEYS */;
INSERT INTO `product_in_supply`(`id_product_in_supply`,`id_supply`,`id_product`,`price`,`quantity`) VALUES(3,10,6,4000.00,10000),(4,10,1,5000.00,1000),(10,5,33,1000.00,1000),(11,2,1,2000.00,6000),(12,21,1,1000.00,1000),(13,23,4,1000.00,1000),(14,24,1,3000.00,11000),(15,25,1,1000.00,5000),(16,26,3,1200.00,20000),(17,27,2,1000.00,1000),(18,30,7,12000.00,30000),(19,30,19,3000.00,3000),(20,31,6,4000.00,1000),(21,32,1,2000.00,5000),(22,33,1,1000.00,1000),(23,39,1,2000.00,3000);
/*!40000 ALTER TABLE `product_in_supply` ENABLE KEYS */;

-- 
-- Definition of tables
-- 

DROP TABLE IF EXISTS `tables`;
CREATE TABLE IF NOT EXISTS `tables` (
  `id_table` int NOT NULL,
  `description` varchar(150) NOT NULL,
  `seats_count` int NOT NULL,
  PRIMARY KEY (`id_table`)
) ENGINE=InnoDB DEFAULT CHARSET=utf8mb4 COLLATE=utf8mb4_0900_ai_ci;

-- 
-- Dumping data for table tables
-- 

/*!40000 ALTER TABLE `tables` DISABLE KEYS */;
INSERT INTO `tables`(`id_table`,`description`,`seats_count`) VALUES(1,'Уютный VIP стол, расположенный в приватной зоне, идеален для важных гостей.',8),(2,'Близко к сцене с DJ, хороший выбор для тех, кто любит музыку.',6),(3,'Центральный круглый стол, удобен для больших компаний.',12),(4,'Круглый стол у стены, идеально подходит для небольших групп. ',10),(5,'Небольшой стол у стены, уютное место для двоих.',6),(6,'Удобный стол у стены, хорош для небольшой компании.',6),(7,'Уютный стол возле туалетов, подходит для компании до четырех человек.',4),(8,'Стол в центре зала, удобен для наблюдения за происходящим.',4),(9,'Удобный центральный стол, подходит для группы друзей.',6),(10,'Центральное расположение, идеально для тех, кто любит быть в центре внимания.',6),(11,'Прямоугольный стол у колонны, удобен для больших компаний.',6),(12,'Стол у стены, идеально подходит для небольшой группы.',6),(13,'Уютный стол у стены, комфортен для общения.',6),(14,'Удобный стол, хорош для небольших встреч.',6),(15,'Большой стол у стены, идеален для компаний до шести человек.',6),(16,'Удобный стол в углу, уютное место для небольших компаний.',4);
/*!40000 ALTER TABLE `tables` ENABLE KEYS */;

-- 
-- Definition of tables_in_reservation
-- 

DROP TABLE IF EXISTS `tables_in_reservation`;
CREATE TABLE IF NOT EXISTS `tables_in_reservation` (
  `id_table_in_reservation` int NOT NULL AUTO_INCREMENT,
  `id_reservation` int NOT NULL,
  `id_table` int NOT NULL,
  PRIMARY KEY (`id_table_in_reservation`),
  KEY `fk_reservation_idx` (`id_reservation`),
  KEY `fk_table_idx` (`id_table`),
  CONSTRAINT `fk_reservation` FOREIGN KEY (`id_reservation`) REFERENCES `reservation` (`id_reservation`),
  CONSTRAINT `fk_table` FOREIGN KEY (`id_table`) REFERENCES `tables` (`id_table`)
) ENGINE=InnoDB AUTO_INCREMENT=96 DEFAULT CHARSET=utf8mb4 COLLATE=utf8mb4_0900_ai_ci;

-- 
-- Dumping data for table tables_in_reservation
-- 

/*!40000 ALTER TABLE `tables_in_reservation` DISABLE KEYS */;
INSERT INTO `tables_in_reservation`(`id_table_in_reservation`,`id_reservation`,`id_table`) VALUES(12,16,13),(14,18,12),(15,19,1),(16,20,7),(19,23,14),(20,24,4),(21,25,15),(22,26,5),(23,27,3),(24,27,9),(36,13,9),(37,13,3),(38,13,11),(39,13,13),(40,13,8),(57,31,9),(58,31,10),(62,33,12),(63,33,13),(64,34,11),(65,35,3),(66,36,9),(67,37,3),(68,37,11),(69,37,3),(70,37,11),(75,39,3),(76,40,9),(77,40,10),(78,41,9),(79,41,10),(80,42,2),(81,43,3),(82,43,13),(83,44,14),(84,44,15),(87,45,2),(88,46,5),(89,47,7),(90,48,2),(91,49,16),(92,49,15),(93,50,15),(94,50,16),(95,51,1);
/*!40000 ALTER TABLE `tables_in_reservation` ENABLE KEYS */;

-- 
-- Definition of work_datetime
-- 

DROP TABLE IF EXISTS `work_datetime`;
CREATE TABLE IF NOT EXISTS `work_datetime` (
  `id_work_datetime` int NOT NULL AUTO_INCREMENT,
  `id_employee` int NOT NULL,
  `start_time` time NOT NULL,
  `end_time` time NOT NULL,
  `date` date NOT NULL,
  PRIMARY KEY (`id_work_datetime`),
  KEY `fk_schedule_employee_idx` (`id_employee`),
  CONSTRAINT `fk_schedule_employee` FOREIGN KEY (`id_employee`) REFERENCES `employee` (`id_employee`)
) ENGINE=InnoDB AUTO_INCREMENT=23 DEFAULT CHARSET=utf8mb4 COLLATE=utf8mb4_0900_ai_ci;

-- 
-- Dumping data for table work_datetime
-- 

/*!40000 ALTER TABLE `work_datetime` DISABLE KEYS */;
INSERT INTO `work_datetime`(`id_work_datetime`,`id_employee`,`start_time`,`end_time`,`date`) VALUES(8,2,'17:00:00','23:00:00','2025-06-16 00:00:00'),(10,1,'18:00:00','23:00:00','2025-06-18 00:00:00'),(11,1,'17:00:00','23:00:00','2025-06-17 00:00:00'),(12,1,'17:00:00','23:00:00','2025-06-19 00:00:00'),(13,2,'17:00:00','03:00:00','2025-06-18 00:00:00'),(14,2,'17:00:00','23:00:00','2025-06-17 00:00:00'),(16,3,'17:00:00','23:00:00','2025-05-07 00:00:00'),(19,3,'17:00:00','23:00:00','2025-06-16 00:00:00');
/*!40000 ALTER TABLE `work_datetime` ENABLE KEYS */;

-- 
-- Definition of written_off_products
-- 

DROP TABLE IF EXISTS `written_off_products`;
CREATE TABLE IF NOT EXISTS `written_off_products` (
  `id_written_off_product` int NOT NULL AUTO_INCREMENT,
  `id_product` int NOT NULL,
  `quantity` int NOT NULL,
  `write_off_date` datetime NOT NULL,
  `id_write_off_type` int NOT NULL,
  PRIMARY KEY (`id_written_off_product`),
  KEY `fk_written_off_product_idx` (`id_product`),
  KEY `fk_writeoff_type_idx` (`id_write_off_type`),
  CONSTRAINT `fk_writeoff_type` FOREIGN KEY (`id_write_off_type`) REFERENCES `s_writeoff_type` (`id_writeoff_type`),
  CONSTRAINT `fk_written_off_product` FOREIGN KEY (`id_product`) REFERENCES `product` (`id_product`)
) ENGINE=InnoDB AUTO_INCREMENT=15 DEFAULT CHARSET=utf8mb4 COLLATE=utf8mb4_0900_ai_ci;

-- 
-- Dumping data for table written_off_products
-- 

/*!40000 ALTER TABLE `written_off_products` DISABLE KEYS */;
INSERT INTO `written_off_products`(`id_written_off_product`,`id_product`,`quantity`,`write_off_date`,`id_write_off_type`) VALUES(1,4,100,'2025-04-16 00:00:00',1),(2,8,100,'2025-04-16 00:00:00',1),(3,4,100,'2025-04-16 00:00:00',1),(4,4,100,'2025-04-16 00:00:00',1),(5,4,200,'2025-04-16 00:00:00',1),(6,4,100,'2025-04-16 00:00:00',1),(7,5,100,'2025-04-16 00:00:00',1),(8,40,300,'2025-04-17 00:00:00',2),(9,4,100,'2025-05-07 01:30:00',2),(10,3,100,'2025-05-10 02:00:00',1),(11,39,100,'2025-05-16 19:20:00',1),(12,39,100,'2025-05-16 20:00:00',1),(13,39,100,'2025-05-16 00:30:00',1),(14,43,100,'2025-05-19 23:43:11',1);
/*!40000 ALTER TABLE `written_off_products` ENABLE KEYS */;


/*!40101 SET SQL_MODE=@OLD_SQL_MODE */;
/*!40014 SET FOREIGN_KEY_CHECKS=@OLD_FOREIGN_KEY_CHECKS */;
/*!40014 SET UNIQUE_CHECKS=@OLD_UNIQUE_CHECKS */;
/*!40101 SET CHARACTER_SET_CLIENT=@OLD_CHARACTER_SET_CLIENT */;
/*!40101 SET CHARACTER_SET_RESULTS=@OLD_CHARACTER_SET_RESULTS */;
/*!40101 SET COLLATION_CONNECTION=@OLD_COLLATION_CONNECTION */;
/*!40111 SET SQL_NOTES=@OLD_SQL_NOTES */;


-- Dump completed on 2025-06-12 17:34:02
-- Total time: 0:0:0:0:248 (d:h:m:s:ms)
